{
  "hi_1": {
    "gen_time_sec": 1.5896037680000745,
    "audio_duration_sec": 6.774,
    "rtf": 0.23466249896664815,
    "mode": "batch"
  },
  "hi_2": {
    "gen_time_sec": 1.0497380900000053,
    "audio_duration_sec": 6.219333333333333,
    "rtf": 0.16878627237646135,
    "mode": "batch"
  },
  "hi_3": {
    "gen_time_sec": 1.0929767710000533,
    "audio_duration_sec": 6.443333333333333,
    "rtf": 0.16962909017072736,
    "mode": "batch"
  }
}